,flight_number,carrier,depart_terminal,arrival_terminal,depart_time,arrival_time,aircraft
0,AA2768,American Airlines,PHX,JFK,1578338280000,1578362400000,Airbus A321 (321)
1,AA1388,American Airlines,PHX,JFK,1578353580000,1578377520000,Boeing 737-800 (738)
2,AA2651,American Airlines,PHX,JFK,1578295380000,1578319200000,Boeing 737-800 (738)
3,AA2434,American Airlines,PHX,JFK,1578343260000,1578367740000,Airbus A321 (321)
4,AA2339,American Airlines,PHX,JFK,1578333000000,1578356940000,Boeing 737-800 (738)
5,DL819,Delta Airlines,PHX,JFK,1578316200000,1578339960000,Boeing 737-900 Passenger
6,DL2688,Delta Airlines,PHX,JFK,1578340680000,1578364920000,Boeing 737-900 Passenger
7,DL182,Delta Airlines,SEA,JFK,1578336000000,1578366060000,Boeing 757-200 (winglets) Passenger
8,DL1467,Delta Airlines,SEA,JFK,1578321900000,1578351420000,Boeing 757-200 (752)
9,DL302,Delta Airlines,SEA,JFK,1578376860000,1578406440000,Boeing 757-200 (752)
10,DL2543,Delta Airlines,DEN,JFK,1578315960000,1578337200000,Boeing 737-900 Passenger
11,DL1202,Delta Airlines,DEN,JFK,1578333900000,1578354360000,Boeing 737-900 Passenger
12,DL8796,Delta Airlines,ATL,JFK,1578320700000,1578328500000,Boeing 757-200 (752)
13,DL2350,Delta Airlines,ATL,JFK,1578324000000,1578331800000,Boeing 737-900 Passenger
14,DL843,Delta Airlines,ATL,JFK,1578331920000,1578339780000,Boeing 737-900 Passenger
15,DL8800,Delta Airlines,ATL,JFK,1578337500000,1578345300000,Boeing 777-300ER (76W)
16,DL1888,Delta Airlines,ATL,JFK,1578372180000,1578380160000,Airbus A321 (321)
17,DL1900,Delta Airlines,ATL,JFK,1578343200000,1578351120000,Airbus A319 (319)
18,DL1869,Delta Airlines,ATL,JFK,1578349200000,1578357540000,Airbus A321 (321)
19,DL244,Delta Airlines,ATL,JFK,1578354300000,1578362400000,Boeing 777-200LR
20,DL214,Delta Airlines,ATL,JFK,1578364080000,1578372300000,Airbus A320 (320)
21,AA272,American Airlines,ORD,JFK,1578336240000,1578347820000,Boeing 737-800 (738)
22,DL4957,Delta Airlines,ORD,JFK,1578332100000,1578344160000,Bombardier CRJ-900 (CR9)
23,DL4760,Delta Airlines,ORD,JFK,1578348540000,1578360900000,Bombardier CRJ-900 (CR9)
24,DL5223,Delta Airlines,ORD,JFK,1578361920000,1578374520000,Bombardier CRJ-900 (CR9)
25,DL4851,Delta Airlines,ORD,JFK,1578315600000,1578327180000,Bombardier CRJ-900 (CR9)
26,AA351,American Airlines,BOS,JFK,1578338220000,1578343140000,Airbus A321 (32B)
27,AA1283,American Airlines,BOS,JFK,1578328380000,1578333540000,Airbus A321 (32B)
28,AA197,American Airlines,BOS,JFK,1578315660000,1578320760000,Boeing 737-800 (738)
29,DL928,Delta Airlines,BOS,JFK,1578315600000,1578321120000,Airbus A319 (319)
30,DL3022,Delta Airlines,BOS,JFK,1578355800000,1578361200000,Airbus A319 (319)
31,DL5419,Delta Airlines,BOS,JFK,1578324600000,1578329760000,Bombardier CRJ-900 (CR9)
32,DL6128,Delta Airlines,BOS,JFK,1578333000000,1578338100000,Embraer ERJ-175 (E75)
33,DL5992,Delta Airlines,BOS,JFK,1578339600000,1578345000000,Embraer ERJ-175 (E75)
34,DL5360,Delta Airlines,BOS,JFK,1578344700000,1578349800000,Bombardier CRJ-900 (CR9)
35,DL1360,Delta Airlines,BOS,JFK,1578365940000,1578371340000,Airbus A220-100 Passenger
36,AA164,American Airlines,SFO,JFK,1578324420000,1578355140000,Airbus A321 (32B)
37,DL757,Delta Airlines,SFO,JFK,1578336060000,1578367140000,Boeing 757-200 (winglets) Passenger
38,DL592,Delta Airlines,SFO,JFK,1578341820000,1578372360000,Boeing 757-200 (winglets) Passenger
39,DL430,Delta Airlines,SFO,JFK,1578352500000,1578382320000,Boeing 757-200 (winglets) Passenger
40,DL868,Delta Airlines,SFO,JFK,1578316500000,1578346920000,Boeing 757-200 (winglets) Passenger
41,DL1859,Delta Airlines,SFO,JFK,1578324600000,1578354720000,Boeing 757-200 (winglets) Passenger
42,DL426,Delta Airlines,SFO,JFK,1578374400000,1578404340000,Boeing 757-200 (winglets) Passenger
43,AA166,American Airlines,SFO,JFK,1578350280000,1578381060000,Airbus A321 (32B)
44,DL5115,Delta Airlines,IAD,JFK,1578315600000,1578321000000,Bombardier CRJ-200 (CR2)
45,DL4859,Delta Airlines,IAD,JFK,1578331980000,1578336240000,Bombardier CRJ-900 (CR9)
46,DL4867,Delta Airlines,IAD,JFK,1578350520000,1578355140000,Bombardier CRJ-200 (CR2)
47,AA899,American Airlines,LAX,PHX,1578354240000,1578363060000,Airbus A321 (321)
48,AA53,American Airlines,LAX,PHX,1578364920000,1578373560000,Airbus A321 (321)
49,AA1662,American Airlines,LAX,PHX,1578320520000,1578329700000,Airbus A321 (321)
50,AA1702,American Airlines,LAX,PHX,1578330300000,1578339120000,Airbus A321 (321)
51,AA2027,American Airlines,LAX,PHX,1578315600000,1578324480000,Airbus A321 (321)
52,AA3258,American Airlines,LAX,PHX,1578359100000,1578368100000,Bombardier CRJ-700 (CR7)
53,UA5411,United Airlines,LAX,PHX,1578323700000,1578332880000,Embraer 175 (Enhanced Winglets)
54,DL5759,Delta Airlines,LAX,PHX,1578324900000,1578334320000,Embraer ERJ-175 (E75)
55,DL5766,Delta Airlines,LAX,PHX,1578333600000,1578342960000,Embraer ERJ-175 (E75)
56,DL5718,Delta Airlines,LAX,PHX,1578354180000,1578363480000,Embraer ERJ-175 (E75)
57,DL5735,Delta Airlines,LAX,PHX,1578368400000,1578377400000,Embraer ERJ-175 (E75)
58,DL5696,Delta Airlines,LAX,PHX,1578343800000,1578352920000,Embraer ERJ-175 (E75)
59,UA5656,United Airlines,LAX,PHX,1578373200000,1578381960000,Embraer 175 (Enhanced Winglets)
60,UA5512,United Airlines,LAX,PHX,1578357300000,1578366060000,Embraer 175 (Enhanced Winglets)
61,AA6038,American Airlines,LAX,SEA,1578365520000,1578376980000,Embraer ERJ-175 (E75)
62,AA6054,American Airlines,LAX,SEA,1578339480000,1578350940000,Embraer ERJ-175 (E75)
63,AA6052,American Airlines,LAX,SEA,1578352620000,1578363960000,Embraer ERJ-175 (E75)
64,AA6058,American Airlines,LAX,SEA,1578319200000,1578330780000,Embraer ERJ-175 (E75)
65,DL129,Delta Airlines,LAX,SEA,1578336900000,1578347400000,Boeing 737-900 Passenger
66,DL990,Delta Airlines,LAX,SEA,1578348900000,1578359400000,Boeing 737-900 Passenger
67,DL1836,Delta Airlines,LAX,SEA,1578363540000,1578373800000,Boeing 737-900 Passenger
68,DL2388,Delta Airlines,LAX,SEA,1578369300000,1578379620000,Boeing 737-800 (738)
69,DL2731,Delta Airlines,LAX,SEA,1578355200000,1578365520000,Boeing 737-800 (738)
70,DL2540,Delta Airlines,LAX,SEA,1578327300000,1578337920000,Boeing 737-800 (738)
71,DL1587,Delta Airlines,LAX,SEA,1578315600000,1578326400000,Boeing 737-800 (738)
72,DL1287,Delta Airlines,LAX,SEA,1578322200000,1578332700000,Boeing 737-800 (738)
73,UA5546,United Airlines,LAX,SEA,1578326400000,1578337860000,Embraer 175 (Enhanced Winglets)
74,UA5475,United Airlines,LAX,SEA,1578344760000,1578355500000,Bombardier CRJ-700 (CR7)
75,AA6092,American Airlines,LAX,DEN,1578364620000,1578376680000,Embraer ERJ-175 (E75)
76,AA6087,American Airlines,LAX,DEN,1578331200000,1578343320000,Embraer ERJ-175 (E75)
77,UA1711,United Airlines,LAX,DEN,1578352080000,1578364140000,Boeing 757-300 Passenger
78,AA2418,American Airlines,LAX,DEN,1578350700000,1578362820000,Airbus A319 (319)
79,UA2293,United Airlines,LAX,DEN,1578326400000,1578338880000,Boeing 737-800 (738)
80,UA2049,United Airlines,LAX,DEN,1578334380000,1578346860000,Boeing 737-900 Passenger
81,UA314,United Airlines,LAX,DEN,1578341400000,1578353040000,Boeing 777-200 (777)
82,UA1942,United Airlines,LAX,DEN,1578341580000,1578353700000,Boeing 737-900 Passenger
83,DL653,Delta Airlines,LAX,DEN,1578346200000,1578357900000,Airbus A319 (319)
84,UA1771,United Airlines,LAX,DEN,1578359640000,1578371700000,Boeing 737-900 Passenger
85,DL1228,Delta Airlines,LAX,DEN,1578322740000,1578334920000,Airbus A319 (319)
86,DL1443,Delta Airlines,LAX,DEN,1578365940000,1578377700000,Airbus A320 (320)
87,UA2142,United Airlines,LAX,DEN,1578317400000,1578329580000,Boeing 737-800 (738)
88,AA890,American Airlines,LAX,ATL,1578330840000,1578357180000,Boeing 737-800 (738)
89,AA1071,American Airlines,LAX,ATL,1578376320000,1578402540000,Boeing 737-800 (738)
90,AA2601,American Airlines,LAX,ATL,1578353340000,1578379620000,Airbus A321 (321)
91,AA1409,American Airlines,LAX,ATL,1578322800000,1578349200000,Boeing 737-800 (738)
92,DL1954,Delta Airlines,LAX,ATL,1578325500000,1578351480000,Boeing 757-300 Passenger
93,DL1449,Delta Airlines,LAX,ATL,1578345600000,1578371640000,Airbus A321 (321)
94,DL1901,Delta Airlines,LAX,ATL,1578354780000,1578380340000,Airbus A321 (321)
95,DL1206,Delta Airlines,LAX,ATL,1578357600000,1578382800000,Boeing 757-200 (752)
96,DL2282,Delta Airlines,LAX,ATL,1578375000000,1578400620000,Boeing 757-200 (752)
97,DL1110,Delta Airlines,LAX,ATL,1578337260000,1578363360000,Airbus A321 (321)
98,DL1195,Delta Airlines,LAX,ATL,1578380100000,1578405780000,Boeing 737-900 Passenger
99,DL1125,Delta Airlines,LAX,ATL,1578349800000,1578375480000,Boeing 757-200 (752)
100,DL1008,Delta Airlines,LAX,ATL,1578316500000,1578342360000,Boeing 757-200 (752)
101,DL284,Delta Airlines,LAX,ATL,1578321900000,1578347160000,Boeing 777-200LR
102,DL1530,Delta Airlines,LAX,ATL,1578331800000,1578357600000,Airbus A321 (321)
103,AA2452,American Airlines,LAX,ORD,1578316500000,1578338700000,Airbus A321 (321)
104,AA256,American Airlines,LAX,ORD,1578327960000,1578349980000,Boeing 737-800 (738)
105,AA426,American Airlines,LAX,ORD,1578349140000,1578371100000,Airbus A321 (321)
106,AA18,American Airlines,LAX,ORD,1578364200000,1578385800000,Airbus A321 (321)
107,AA296,American Airlines,LAX,ORD,1578379200000,1578400860000,Airbus A321 (321)
108,AA1598,American Airlines,LAX,ORD,1578319200000,1578341400000,Airbus A321 (321)
109,AA362,American Airlines,LAX,ORD,1578298800000,1578320640000,Airbus A321 (321)
110,AA1384,American Airlines,LAX,ORD,1578335100000,1578357300000,Boeing 737-800 (738)
111,AA2776,American Airlines,LAX,ORD,1578360600000,1578381840000,Airbus A321 (321)
112,UA1146,United Airlines,LAX,ORD,1578297300000,1578318540000,Boeing 737-800 (738)
113,UA613,United Airlines,LAX,ORD,1578332400000,1578354600000,Boeing 737-800 (738)
114,UA269,United Airlines,LAX,ORD,1578339600000,1578361380000,Boeing 757-300 Passenger
115,AA2348,American Airlines,LAX,ORD,1578342420000,1578364740000,Airbus A321 (321)
116,UA2265,United Airlines,LAX,ORD,1578319200000,1578340860000,Boeing 757-300 Passenger
117,UA2039,United Airlines,LAX,ORD,1578324600000,1578346620000,Boeing 757-300 Passenger
118,UA2291,United Airlines,LAX,ORD,1578376500000,1578397920000,Boeing 737-900 Passenger
119,UA1897,United Airlines,LAX,ORD,1578344580000,1578366540000,Boeing 737-800 (738)
120,UA660,United Airlines,LAX,ORD,1578380340000,1578401760000,Boeing 737-900 Passenger
121,AA1423,American Airlines,LAX,BOS,1578315720000,1578345900000,Airbus A321 (321)
122,AA2455,American Airlines,LAX,BOS,1578372000000,1578402120000,Airbus A321 (321)
123,AA167,American Airlines,LAX,BOS,1578331920000,1578362040000,Airbus A321 (321)
124,AA1628,American Airlines,LAX,BOS,1578350400000,1578380340000,Airbus A321 (321)
125,UA824,United Airlines,LAX,BOS,1578325200000,1578355500000,Boeing 737-900 Passenger
126,DL2932,Delta Airlines,LAX,BOS,1578373740000,1578404400000,Boeing 757-200 (winglets) Passenger
127,DL1526,Delta Airlines,LAX,BOS,1578322800000,1578353160000,Boeing 757-200 (winglets) Passenger
128,UA2402,United Airlines,LAX,BOS,1578375600000,1578405660000,Boeing 757-200 (752)
129,AA2861,American Airlines,LAX,SFO,1578324000000,1578329940000,Boeing 737-800 (738)
130,AA6033,American Airlines,LAX,SFO,1578330000000,1578335820000,Embraer ERJ-175 (E75)
131,AA6028,American Airlines,LAX,SFO,1578346680000,1578352380000,Embraer ERJ-175 (E75)
132,AA892,American Airlines,LAX,SFO,1578366000000,1578371520000,Airbus A321 (321)
133,AA6085,American Airlines,LAX,SFO,1578372840000,1578378480000,Embraer ERJ-175 (E75)
134,AA1900,American Airlines,LAX,SFO,1578354480000,1578359940000,Airbus A319 (319)
135,AA2891,American Airlines,LAX,SFO,1578318000000,1578323700000,Boeing 737-800 (738)
136,AA1095,American Airlines,LAX,SFO,1578359820000,1578365340000,Boeing 737-800 (738)
137,DL2313,Delta Airlines,LAX,SFO,1578319200000,1578324900000,Boeing 737-800 (738)
138,UA488,United Airlines,LAX,SFO,1578326040000,1578332160000,Boeing 737-800 (738)
139,DL1806,Delta Airlines,LAX,SFO,1578326700000,1578332280000,Airbus A319 (319)
140,UA708,United Airlines,LAX,SFO,1578328200000,1578334500000,Boeing 757-200 (752)
141,UA2186,United Airlines,LAX,SFO,1578332700000,1578339000000,Boeing 737-800 (738)
142,UA2070,United Airlines,LAX,SFO,1578333780000,1578340080000,Boeing 737-800 (738)
143,UA447,United Airlines,LAX,SFO,1578338100000,1578343860000,Boeing 737-800 (738)
144,AA497,American Airlines,LAX,SFO,1578339000000,1578344640000,Airbus A319 (319)
145,DL1327,Delta Airlines,LAX,SFO,1578340680000,1578346020000,Airbus A319 (319)
146,UA5897,United Airlines,LAX,SFO,1578344400000,1578350400000,Embraer 175 (Enhanced Winglets)
147,DL2757,Delta Airlines,LAX,SFO,1578349080000,1578354240000,Airbus A320 (320)
148,UA460,United Airlines,LAX,SFO,1578350700000,1578356460000,Boeing 737-900 Passenger
149,DL2803,Delta Airlines,LAX,SFO,1578358200000,1578363240000,Airbus A320 (320)
150,UA481,United Airlines,LAX,SFO,1578360600000,1578366360000,Boeing 737-800 (738)
151,UA283,United Airlines,LAX,SFO,1578365100000,1578370860000,Airbus A320 (320)
152,UA2201,United Airlines,LAX,SFO,1578370200000,1578375900000,Airbus A320 (320)
153,UA398,United Airlines,LAX,SFO,1578375900000,1578381600000,Airbus A320 (320)
154,DL2226,Delta Airlines,LAX,SFO,1578364920000,1578370440000,Boeing 737-900 Passenger
155,UA471,United Airlines,LAX,SFO,1578317400000,1578323160000,Airbus A319 (319)
156,DL1332,Delta Airlines,LAX,SFO,1578370560000,1578375900000,Boeing 737-900 Passenger
157,AA303,American Airlines,LAX,IAD,1578373500000,1578401580000,Boeing 737-800 (738)
158,AA1339,American Airlines,LAX,IAD,1578326700000,1578354780000,Boeing 737-800 (738)
159,UA653,United Airlines,LAX,IAD,1578343200000,1578370800000,Boeing 737-900 Passenger
160,UA584,United Airlines,LAX,IAD,1578375900000,1578403680000,Boeing 737-800 (738)
161,UA411,United Airlines,LAX,IAD,1578378600000,1578406380000,Boeing 737-800 (738)
162,UA2305,United Airlines,LAX,IAD,1578324120000,1578352440000,Boeing 737-900 Passenger
163,UA783,United Airlines,LAX,IAD,1578353400000,1578381000000,Boeing 737-900 Passenger
164,AA2,American Airlines,LAX,JFK,1578322800000,1578352740000,Airbus A321 (32B)
165,AA4,American Airlines,LAX,JFK,1578333600000,1578363900000,Airbus A321 (32B)
166,AA274,American Airlines,LAX,JFK,1578337200000,1578367440000,Airbus A321 (32B)
167,AA184,American Airlines,LAX,JFK,1578355200000,1578384960000,Airbus A321 (32B)
168,AA10,American Airlines,LAX,JFK,1578371400000,1578401220000,Airbus A321 (32B)
169,AA238,American Airlines,LAX,JFK,1578330000000,1578360180000,Airbus A321 (32B)
170,AA292,American Airlines,LAX,JFK,1578295800000,1578325680000,Airbus A321 (32B)
171,AA118,American Airlines,LAX,JFK,1578319200000,1578349080000,Airbus A321 (32B)
172,AA2201,American Airlines,LAX,JFK,1578351600000,1578381420000,Airbus A321 (32B)
173,DL2787,Delta Airlines,LAX,JFK,1578335100000,1578365640000,Boeing 777-300ER (76W)
174,AA32,American Airlines,LAX,JFK,1578344400000,1578374280000,Airbus A321 (32B)
175,DL1908,Delta Airlines,LAX,JFK,1578375360000,1578405600000,Boeing 777-300ER (76W)
176,AA28,American Airlines,LAX,JFK,1578376800000,1578406560000,Airbus A321 (32B)
177,DL1436,Delta Airlines,LAX,JFK,1578315900000,1578345780000,Boeing 777-300ER (76W)
178,DL1162,Delta Airlines,LAX,JFK,1578369600000,1578399300000,Boeing 777-300ER (76W)
179,DL468,Delta Airlines,LAX,JFK,1578339600000,1578369720000,Boeing 777-300ER (76W)
180,DL2262,Delta Airlines,LAX,JFK,1578345300000,1578375060000,Boeing 777-300ER (76W)
181,DL1258,Delta Airlines,LAX,JFK,1578322500000,1578352320000,Boeing 777-300ER (76W)
182,DL2164,Delta Airlines,LAX,JFK,1578327900000,1578358200000,Boeing 777-300ER (76W)
183,DL2686,Delta Airlines,LAX,JFK,1578352500000,1578381780000,Boeing 777-300ER (76W)
184,AA710,American Airlines,PHX,SEA,1578338280000,1578346380000,Airbus A321 (321)
185,AA2197,American Airlines,PHX,SEA,1578348420000,1578356520000,Airbus A321 (321)
186,AA578,American Airlines,PHX,SEA,1578360780000,1578368940000,Airbus A321 (321)
187,DL747,Delta Airlines,PHX,SEA,1578322800000,1578331020000,Boeing 737-800 (738)
188,DL1262,Delta Airlines,PHX,SEA,1578350700000,1578358740000,Boeing 737-800 (738)
189,DL1190,Delta Airlines,PHX,SEA,1578338400000,1578346140000,Boeing 737-800 (738)
190,DL1562,Delta Airlines,PHX,SEA,1578365340000,1578373620000,Boeing 737-800 (738)
191,AA482,American Airlines,PHX,DEN,1578327960000,1578334740000,Airbus A320 (320)
192,AA1743,American Airlines,PHX,DEN,1578343500000,1578350280000,Airbus A321 (321)
193,AA412,American Airlines,PHX,DEN,1578356700000,1578363180000,Boeing 737-800 (738)
194,AA2315,American Airlines,PHX,DEN,1578366900000,1578373500000,Airbus A321 (321)
195,UA1774,United Airlines,PHX,DEN,1578323100000,1578329400000,Airbus A320 (320)
196,UA254,United Airlines,PHX,DEN,1578341160000,1578347700000,Boeing 737-800 (738)
197,UA373,United Airlines,PHX,DEN,1578357600000,1578364140000,Airbus A320 (320)
198,UA376,United Airlines,PHX,DEN,1578347040000,1578353580000,Boeing 737-900 Passenger
199,AA462,American Airlines,PHX,ATL,1578336420000,1578356460000,Airbus A320 (320)
200,AA721,American Airlines,PHX,ATL,1578379800000,1578399600000,Airbus A320 (320)
201,DL1001,Delta Airlines,PHX,ATL,1578319500000,1578339120000,Airbus A321 (321)
202,DL1057,Delta Airlines,PHX,ATL,1578379500000,1578399180000,Airbus A321 (321)
203,DL2271,Delta Airlines,PHX,ATL,1578356460000,1578376140000,Airbus A321 (321)
204,DL2354,Delta Airlines,PHX,ATL,1578330900000,1578350700000,Airbus A321 (321)
205,DL2365,Delta Airlines,PHX,ATL,1578342000000,1578361860000,Airbus A321 (321)
206,DL1041,Delta Airlines,PHX,ATL,1578346500000,1578366360000,Airbus A321 (321)
207,DL2966,Delta Airlines,PHX,ATL,1578315600000,1578335220000,Airbus A321 (321)
208,AA2765,American Airlines,PHX,ORD,1578322800000,1578339000000,Airbus A321 (321)
209,AA739,American Airlines,PHX,ORD,1578327780000,1578343980000,Airbus A321 (321)
210,AA883,American Airlines,PHX,ORD,1578347400000,1578363660000,Airbus A321 (321)
211,AA1583,American Airlines,PHX,ORD,1578360000000,1578375840000,Boeing 737-800 (738)
212,AA1597,American Airlines,PHX,ORD,1578334500000,1578350640000,Airbus A321 (321)
213,AA615,American Airlines,PHX,ORD,1578341460000,1578357600000,Airbus A321 (321)
214,AA801,American Airlines,PHX,ORD,1578366840000,1578382500000,Airbus A321 (321)
215,UA656,United Airlines,PHX,ORD,1578313020000,1578328740000,Airbus A319 (319)
216,UA920,United Airlines,PHX,ORD,1578321300000,1578337020000,Boeing 737-900 Passenger
217,AA891,American Airlines,PHX,ORD,1578354300000,1578370320000,Airbus A321 (321)
218,UA2000,United Airlines,PHX,ORD,1578351300000,1578367320000,Boeing 737-800 (738)
219,UA1280,United Airlines,PHX,ORD,1578331020000,1578347100000,Boeing 737-800 (738)
220,UA523,United Airlines,PHX,ORD,1578339780000,1578355800000,Boeing 737-900 Passenger
221,AA1569,American Airlines,PHX,BOS,1578329160000,1578353940000,Boeing 737-800 (738)
222,AA2320,American Airlines,PHX,BOS,1578345300000,1578369600000,Airbus A321 (321)
223,AA2588,American Airlines,PHX,BOS,1578376200000,1578400500000,Airbus A321 (321)
224,AA2763,American Airlines,PHX,BOS,1578356040000,1578380220000,Airbus A321 (321)
225,AA1880,American Airlines,PHX,SFO,1578326340000,1578330720000,Airbus A321 (321)
226,AA1844,American Airlines,PHX,SFO,1578335340000,1578339780000,Airbus A321 (321)
227,AA686,American Airlines,PHX,SFO,1578360000000,1578364260000,Airbus A321 (321)
228,UA2064,United Airlines,PHX,SFO,1578314100000,1578317940000,Boeing 737-900 Passenger
229,UA1273,United Airlines,PHX,SFO,1578325740000,1578329640000,Boeing 737-900 Passenger
230,UA2236,United Airlines,PHX,SFO,1578344280000,1578348300000,Boeing 737-900 Passenger
231,UA2129,United Airlines,PHX,SFO,1578361020000,1578365040000,Airbus A320 (320)
232,UA2128,United Airlines,PHX,SFO,1578354780000,1578358800000,Boeing 737-800 (738)
233,UA316,United Airlines,PHX,IAD,1578329100000,1578350640000,Boeing 737-900 Passenger
234,AA2859,American Airlines,SEA,PHX,1578320400000,1578334620000,Airbus A321 (321)
235,AA500,American Airlines,SEA,PHX,1578349380000,1578362880000,Airbus A321 (321)
236,AA2197,American Airlines,SEA,PHX,1578359520000,1578373320000,Airbus A321 (321)
237,DL1262,Delta Airlines,SEA,PHX,1578334200000,1578348000000,Boeing 737-800 (738)
238,DL1190,Delta Airlines,SEA,PHX,1578321240000,1578335340000,Boeing 737-800 (738)
239,DL1562,Delta Airlines,SEA,PHX,1578348900000,1578362640000,Boeing 737-800 (738)
240,DL2477,Delta Airlines,SEA,PHX,1578362880000,1578376800000,Boeing 737-800 (738)
241,UA1413,United Airlines,SEA,DEN,1578351360000,1578364620000,Airbus A320 (320)
242,UA5514,United Airlines,SEA,DEN,1578314700000,1578328500000,Embraer 175 (Enhanced Winglets)
243,UA590,United Airlines,SEA,DEN,1578316800000,1578330120000,Airbus A320 (320)
244,UA1462,United Airlines,SEA,DEN,1578320880000,1578334200000,Boeing 737-900 Passenger
245,UA738,United Airlines,SEA,DEN,1578339300000,1578352860000,Boeing 737-900 Passenger
246,DL2764,Delta Airlines,SEA,DEN,1578330000000,1578343380000,Airbus A319 (319)
247,DL2527,Delta Airlines,SEA,DEN,1578350040000,1578363240000,Airbus A319 (319)
248,DL2985,Delta Airlines,SEA,DEN,1578363900000,1578376980000,Boeing 737-800 (738)
249,DL1653,Delta Airlines,SEA,DEN,1578322020000,1578335400000,Airbus A319 (319)
250,DL1044,Delta Airlines,SEA,ATL,1578316500000,1578344400000,Boeing 757-200 (752)
251,DL436,Delta Airlines,SEA,ATL,1578344280000,1578371940000,Boeing 737-900 Passenger
252,DL962,Delta Airlines,SEA,ATL,1578376200000,1578403560000,Boeing 737-900 Passenger
253,DL1870,Delta Airlines,SEA,ATL,1578329100000,1578357060000,Boeing 777-300ER (76W)
254,DL1719,Delta Airlines,SEA,ATL,1578323460000,1578351540000,Boeing 757-200 (752)
255,DL2922,Delta Airlines,SEA,ATL,1578335580000,1578363180000,Boeing 757-200 (752)
256,AA1540,American Airlines,SEA,ORD,1578315600000,1578337560000,Boeing 737-800 (738)
257,UA714,United Airlines,SEA,ORD,1578295800000,1578317040000,Boeing 737-900 Passenger
258,AA1045,American Airlines,SEA,ORD,1578342780000,1578364920000,Boeing 737-800 (738)
259,UA670,United Airlines,SEA,ORD,1578344700000,1578365940000,Boeing 737-800 (738)
260,AA1165,American Airlines,SEA,ORD,1578349380000,1578370980000,Boeing 737-800 (738)
261,DL3078,Delta Airlines,SEA,ORD,1578319200000,1578341160000,Airbus A319 (319)
262,UA614,United Airlines,SEA,ORD,1578378060000,1578399360000,Boeing 737-900 Passenger
263,UA278,United Airlines,SEA,ORD,1578333300000,1578355140000,Boeing 737-800 (738)
264,DL890,Delta Airlines,SEA,ORD,1578358260000,1578379920000,Airbus A319 (319)
265,DL879,Delta Airlines,SEA,ORD,1578334740000,1578356520000,Airbus A319 (319)
266,DL1163,Delta Airlines,SEA,BOS,1578333300000,1578363300000,Boeing 737-800 (738)
267,AA7632,American Airlines,SEA,SFO,1578315600000,1578324180000,Embraer ERJ-175 (E75)
268,AA6830,American Airlines,SEA,SFO,1578342600000,1578351000000,Boeing 737-900 (winglets) Passenger/BBJ3
269,UA2440,United Airlines,SEA,SFO,1578315600000,1578323940000,Airbus A320 (320)
270,DL2429,Delta Airlines,SEA,SFO,1578327900000,1578336360000,Airbus A319 (319)
271,UA816,United Airlines,SEA,SFO,1578343500000,1578351540000,Boeing 737-800 (738)
272,DL1753,Delta Airlines,SEA,SFO,1578343620000,1578351600000,Airbus A220-100 Passenger
273,AA6897,American Airlines,SEA,SFO,1578346800000,1578355020000,Boeing 737-900 (winglets) Passenger/BBJ3
274,DL2984,Delta Airlines,SEA,SFO,1578349080000,1578356940000,Airbus A319 (319)
275,UA2294,United Airlines,SEA,SFO,1578352500000,1578360600000,Boeing 737-800 (738)
276,DL1832,Delta Airlines,SEA,SFO,1578355200000,1578363540000,Boeing 737-800 (738)
277,UA214,United Airlines,SEA,SFO,1578360960000,1578369000000,Airbus A320 (320)
278,UA2074,United Airlines,SEA,SFO,1578364080000,1578372300000,Airbus A320 (320)
279,DL2621,Delta Airlines,SEA,SFO,1578370140000,1578378180000,Boeing 737-800 (738)
280,UA5957,United Airlines,SEA,SFO,1578340020000,1578348900000,Embraer 175 (Enhanced Winglets)
281,DL2490,Delta Airlines,SEA,SFO,1578320640000,1578329160000,Airbus A220-100 Passenger
282,UA528,United Airlines,SEA,SFO,1578320580000,1578329100000,Airbus A319 (319)
283,UA698,United Airlines,SEA,SFO,1578328440000,1578336960000,Airbus A319 (319)
284,UA419,United Airlines,SEA,IAD,1578323700000,1578352080000,Boeing 737-900 Passenger
285,UA262,United Airlines,SEA,IAD,1578378600000,1578406380000,Boeing 737-900 Passenger
286,DL2220,Delta Airlines,SEA,IAD,1578322740000,1578351360000,Airbus A319 (319)
287,AA482,American Airlines,DEN,PHX,1578337440000,1578344700000,Airbus A320 (320)
288,AA2065,American Airlines,DEN,PHX,1578347820000,1578355500000,Airbus A321 (321)
289,AA1404,American Airlines,DEN,PHX,1578322200000,1578330780000,Airbus A321 (321)
290,AA420,American Airlines,DEN,PHX,1578358800000,1578366360000,Airbus A321 (321)
291,UA970,United Airlines,DEN,PHX,1578343320000,1578350580000,Airbus A320 (320)
292,UA2249,United Airlines,DEN,PHX,1578351000000,1578358260000,Airbus A320 (320)
293,UA594,United Airlines,DEN,PHX,1578362700000,1578370080000,Boeing 737-900 Passenger
294,UA2273,United Airlines,DEN,PHX,1578328800000,1578336420000,Boeing 737-900 Passenger
295,UA339,United Airlines,DEN,SEA,1578328200000,1578336000000,Boeing 737-900 Passenger
296,UA948,United Airlines,DEN,SEA,1578350400000,1578358020000,Airbus A320 (320)
297,UA2309,United Airlines,DEN,SEA,1578322260000,1578330120000,Boeing 737-800 (738)
298,DL2764,Delta Airlines,DEN,SEA,1578345900000,1578352980000,Airbus A319 (319)
299,DL2867,Delta Airlines,DEN,SEA,1578365520000,1578373140000,Airbus A319 (319)
300,DL888,Delta Airlines,DEN,SEA,1578338700000,1578345960000,Airbus A319 (319)
301,UA2223,United Airlines,DEN,SEA,1578363060000,1578370920000,Boeing 737-900 Passenger
302,DL1468,Delta Airlines,DEN,SEA,1578316200000,1578324720000,Boeing 737-800 (738)
303,DL920,Delta Airlines,DEN,ATL,1578319500000,1578337140000,Boeing 737-800 (738)
304,UA304,United Airlines,DEN,ATL,1578323160000,1578340800000,Airbus A319 (319)
305,DL1816,Delta Airlines,DEN,ATL,1578332400000,1578349560000,Boeing 737-900 Passenger
306,DL2608,Delta Airlines,DEN,ATL,1578315600000,1578333480000,Boeing 737-900 Passenger
307,DL1547,Delta Airlines,DEN,ATL,1578338340000,1578355560000,Boeing 757-200 (752)
308,DL2590,Delta Airlines,DEN,ATL,1578345300000,1578362760000,Boeing 737-900 Passenger
309,DL1355,Delta Airlines,DEN,ATL,1578350160000,1578367800000,Boeing 737-900 Passenger
310,DL3063,Delta Airlines,DEN,ATL,1578358920000,1578376860000,Boeing 737-900 Passenger
311,UA677,United Airlines,DEN,ATL,1578357600000,1578375060000,Airbus A320 (320)
312,UA307,United Airlines,DEN,ATL,1578333180000,1578350820000,Airbus A320 (320)
313,UA3720,United Airlines,DEN,ATL,1578342600000,1578360540000,Embraer 175 (Enhanced Winglets)
314,AA317,American Airlines,DEN,ORD,1578345600000,1578358020000,Boeing 737-800 (738)
315,AA2470,American Airlines,DEN,ORD,1578338940000,1578351480000,Airbus A319 (319)
316,AA2771,American Airlines,DEN,ORD,1578319200000,1578332700000,Boeing 737-800 (738)
317,AA1160,American Airlines,DEN,ORD,1578356520000,1578369300000,Airbus A320 (320)
318,UA682,United Airlines,DEN,ORD,1578322800000,1578335460000,Boeing 757-300 Passenger
319,UA478,United Airlines,DEN,ORD,1578351240000,1578363840000,Boeing 757-300 Passenger
320,UA254,United Airlines,DEN,ORD,1578357000000,1578369300000,Boeing 757-300 Passenger
321,UA38,United Airlines,DEN,ORD,1578368460000,1578380700000,Boeing 737-900 Passenger
322,UA502,United Airlines,DEN,ORD,1578342480000,1578355080000,Boeing 757-300 Passenger
323,UA264,United Airlines,DEN,ORD,1578362400000,1578374700000,Boeing 757-300 Passenger
324,UA2385,United Airlines,DEN,ORD,1578329040000,1578341640000,Boeing 737-900 Passenger
325,UA336,United Airlines,DEN,ORD,1578334200000,1578346860000,Boeing 757-300 Passenger
326,UA599,United Airlines,DEN,BOS,1578322680000,1578343200000,Boeing 737-900 Passenger
327,UA979,United Airlines,DEN,BOS,1578334080000,1578354600000,Boeing 737-900 Passenger
328,UA320,United Airlines,DEN,BOS,1578351960000,1578372540000,Airbus A320 (320)
329,UA386,United Airlines,DEN,BOS,1578357420000,1578378240000,Boeing 737-900 Passenger
330,UA2362,United Airlines,DEN,SFO,1578322200000,1578328860000,Boeing 757-300 Passenger
331,UA737,United Airlines,DEN,SFO,1578356100000,1578363060000,Boeing 737-800 (738)
332,UA257,United Airlines,DEN,SFO,1578363000000,1578369840000,Boeing 757-300 Passenger
333,UA1478,United Airlines,DEN,SFO,1578343200000,1578350040000,Boeing 737-900 Passenger
334,UA1723,United Airlines,DEN,SFO,1578347160000,1578354000000,Boeing 737-900 Passenger
335,UA268,United Airlines,DEN,SFO,1578328440000,1578335100000,Boeing 757-300 Passenger
336,UA735,United Airlines,DEN,SFO,1578352500000,1578359040000,Boeing 787-8 (788)
337,UA243,United Airlines,DEN,SFO,1578334800000,1578341460000,Boeing 757-300 Passenger
338,UA939,United Airlines,DEN,IAD,1578323100000,1578341880000,Boeing 737-900 Passenger
339,UA672,United Airlines,DEN,IAD,1578351600000,1578370080000,Boeing 737-900 Passenger
340,UA2135,United Airlines,DEN,IAD,1578357300000,1578376080000,Boeing 737-900 Passenger
341,UA712,United Airlines,DEN,IAD,1578328500000,1578347340000,Boeing 737-900 Passenger
342,UA495,United Airlines,DEN,IAD,1578333900000,1578352740000,Boeing 737-900 Passenger
343,UA461,United Airlines,DEN,IAD,1578342300000,1578360840000,Boeing 737-800 (738)
344,AA476,American Airlines,ATL,PHX,1578334260000,1578342900000,Airbus A320 (320)
345,AA440,American Airlines,ATL,PHX,1578359160000,1578368100000,Airbus A320 (320)
346,DL1057,Delta Airlines,ATL,PHX,1578366000000,1578374400000,Airbus A321 (321)
347,DL2271,Delta Airlines,ATL,PHX,1578344340000,1578352860000,Airbus A321 (321)
348,DL1108,Delta Airlines,ATL,PHX,1578322800000,1578331560000,Airbus A321 (321)
349,DL1041,Delta Airlines,ATL,PHX,1578334020000,1578342720000,Airbus A321 (321)
350,DL2046,Delta Airlines,ATL,PHX,1578350400000,1578358740000,Airbus A321 (321)
351,DL2021,Delta Airlines,ATL,PHX,1578358740000,1578367140000,Airbus A321 (321)
352,DL2167,Delta Airlines,ATL,PHX,1578372120000,1578380340000,Airbus A321 (321)
353,DL1115,Delta Airlines,ATL,SEA,1578357360000,1578366900000,Boeing 757-200 (752)
354,DL763,Delta Airlines,ATL,SEA,1578363000000,1578372660000,Boeing 777-300ER (76W)
355,DL2680,Delta Airlines,ATL,SEA,1578331200000,1578340800000,Boeing 737-900 Passenger
356,DL1437,Delta Airlines,ATL,SEA,1578337500000,1578346800000,Boeing 757-200 (752)
357,DL342,Delta Airlines,ATL,SEA,1578344580000,1578354180000,Boeing 737-900 Passenger
358,DL609,Delta Airlines,ATL,SEA,1578323460000,1578332640000,Boeing 757-200 (752)
359,UA533,United Airlines,ATL,DEN,1578319200000,1578324780000,Boeing 737-800 (738)
360,DL498,Delta Airlines,ATL,DEN,1578348000000,1578353160000,Airbus A319 (319)
361,DL1816,Delta Airlines,ATL,DEN,1578323520000,1578328800000,Boeing 737-900 Passenger
362,DL633,Delta Airlines,ATL,DEN,1578361140000,1578366300000,Boeing 737-900 Passenger
363,DL776,Delta Airlines,ATL,DEN,1578370440000,1578375540000,Boeing 737-900 Passenger
364,DL1547,Delta Airlines,ATL,DEN,1578329700000,1578334860000,Boeing 757-200 (752)
365,DL2590,Delta Airlines,ATL,DEN,1578336900000,1578341820000,Boeing 737-900 Passenger
366,DL1355,Delta Airlines,ATL,DEN,1578341760000,1578346680000,Boeing 737-900 Passenger
367,UA3405,United Airlines,ATL,DEN,1578341940000,1578347880000,Embraer 170
368,UA3562,United Airlines,ATL,DEN,1578366060000,1578372000000,Embraer 170
369,UA2308,United Airlines,ATL,DEN,1578353640000,1578359400000,Airbus A320 (320)
370,AA3521,American Airlines,ATL,ORD,1578337020000,1578341340000,Embraer ERJ-175 (E75)
371,AA1691,American Airlines,ATL,ORD,1578358380000,1578363420000,Airbus A319 (319)
372,AA2893,American Airlines,ATL,ORD,1578316320000,1578320580000,Airbus A319 (319)
373,AA4154,American Airlines,ATL,ORD,1578365760000,1578369960000,Embraer ERJ-175 (E75)
374,DL2012,Delta Airlines,ATL,ORD,1578320700000,1578324900000,Boeing (Douglas) MD-88
375,AA1574,American Airlines,ATL,ORD,1578321900000,1578326160000,Airbus A319 (319)
376,UA251,United Airlines,ATL,ORD,1578321900000,1578326520000,Boeing 737-900 Passenger
377,DL2183,Delta Airlines,ATL,ORD,1578325500000,1578329280000,Boeing 717-200
378,DL812,Delta Airlines,ATL,ORD,1578334680000,1578338700000,Boeing (Douglas) MD-88
379,UA260,United Airlines,ATL,ORD,1578343320000,1578347700000,Airbus A319 (319)
380,DL1612,Delta Airlines,ATL,ORD,1578348300000,1578352260000,Boeing (Douglas) MD-88
381,DL1906,Delta Airlines,ATL,ORD,1578352200000,1578356400000,Boeing (Douglas) MD-88
382,DL972,Delta Airlines,ATL,ORD,1578330420000,1578334740000,Boeing (Douglas) MD-90
383,DL2617,Delta Airlines,ATL,ORD,1578363840000,1578368040000,Boeing 717-200
384,DL1860,Delta Airlines,ATL,ORD,1578358440000,1578362880000,Boeing 717-200
385,UA241,United Airlines,ATL,ORD,1578332880000,1578337500000,Boeing 737-800 (738)
386,DL1958,Delta Airlines,ATL,ORD,1578368580000,1578372600000,Boeing 717-200
387,DL446,Delta Airlines,ATL,ORD,1578343500000,1578347520000,Boeing 717-200
388,UA5921,United Airlines,ATL,ORD,1578350460000,1578354900000,Embraer 175 (Enhanced Winglets)
389,UA4288,United Airlines,ATL,ORD,1578372300000,1578377100000,Embraer 175 (Enhanced Winglets)
390,DL2357,Delta Airlines,ATL,ORD,1578375720000,1578379020000,Airbus A321 (321)
391,UA3400,United Airlines,ATL,ORD,1578362700000,1578367500000,Embraer 175 (Enhanced Winglets)
392,DL1274,Delta Airlines,ATL,BOS,1578348480000,1578357840000,Airbus A321 (321)
393,DL2300,Delta Airlines,ATL,BOS,1578375000000,1578383700000,Boeing 757-200 (752)
394,DL2792,Delta Airlines,ATL,BOS,1578338700000,1578347640000,Airbus A321 (321)
395,DL1800,Delta Airlines,ATL,BOS,1578354180000,1578363300000,Airbus A321 (321)
396,DL2100,Delta Airlines,ATL,BOS,1578365820000,1578375000000,Boeing 757-200 (752)
397,DL1681,Delta Airlines,ATL,BOS,1578315600000,1578324420000,Airbus A321 (321)
398,DL2647,Delta Airlines,ATL,BOS,1578321000000,1578330120000,Airbus A321 (321)
399,DL122,Delta Airlines,ATL,BOS,1578358800000,1578368100000,Airbus A321 (321)
400,DL1200,Delta Airlines,ATL,BOS,1578370200000,1578379140000,Airbus A321 (321)
401,DL2796,Delta Airlines,ATL,BOS,1578326100000,1578334920000,Airbus A321 (321)
402,DL2977,Delta Airlines,ATL,BOS,1578343500000,1578352560000,Boeing 757-200 (752)
403,DL2102,Delta Airlines,ATL,BOS,1578331680000,1578340800000,Airbus A321 (321)
404,UA1900,United Airlines,ATL,SFO,1578319200000,1578328200000,Boeing 737-800 (738)
405,DL2054,Delta Airlines,ATL,SFO,1578348720000,1578357840000,Boeing 737-900 Passenger
406,DL1191,Delta Airlines,ATL,SFO,1578358620000,1578367800000,Boeing 757-200 (752)
407,DL2857,Delta Airlines,ATL,SFO,1578365940000,1578375000000,Boeing 737-900 Passenger
408,DL570,Delta Airlines,ATL,SFO,1578329220000,1578338220000,Boeing 737-900 Passenger
409,DL2049,Delta Airlines,ATL,SFO,1578323400000,1578332640000,Boeing 757-300 Passenger
410,DL2266,Delta Airlines,ATL,SFO,1578370920000,1578380340000,Boeing 737-900 Passenger
411,UA912,United Airlines,ATL,SFO,1578363120000,1578372600000,Airbus A319 (319)
412,DL856,Delta Airlines,ATL,SFO,1578332940000,1578342180000,Boeing 737-900 Passenger
413,UA236,United Airlines,ATL,IAD,1578346500000,1578352980000,Airbus A319 (319)
414,DL2578,Delta Airlines,ATL,IAD,1578321180000,1578327300000,Boeing 717-200
415,DL1317,Delta Airlines,ATL,IAD,1578340740000,1578346740000,Boeing 717-200
416,DL1359,Delta Airlines,ATL,IAD,1578349500000,1578355560000,Boeing 717-200
417,DL1839,Delta Airlines,ATL,IAD,1578366900000,1578373080000,Boeing 737-700 (winglets) Passenger/BBJ1
418,UA6012,United Airlines,ATL,IAD,1578364800000,1578371100000,Bombardier CRJ-700 (CR7)
419,DL1201,Delta Airlines,ATL,IAD,1578374880000,1578380700000,Boeing 717-200
420,DL1442,Delta Airlines,ATL,IAD,1578356760000,1578362820000,Boeing 717-200
421,UA6098,United Airlines,ATL,IAD,1578315300000,1578321300000,Bombardier CRJ-700 (CR7)
422,DL340,Delta Airlines,ATL,IAD,1578329400000,1578335460000,Boeing (Douglas) MD-88
423,AA797,American Airlines,ORD,PHX,1578324060000,1578334740000,Airbus A321 (321)
424,AA200,American Airlines,ORD,PHX,1578328800000,1578339660000,Airbus A321 (321)
425,AA1969,American Airlines,ORD,PHX,1578355800000,1578366240000,Airbus A321 (321)
426,AA562,American Airlines,ORD,PHX,1578333300000,1578344040000,Airbus A321 (321)
427,AA601,American Airlines,ORD,PHX,1578342420000,1578353100000,Boeing 737-800 (738)
428,AA2097,American Airlines,ORD,PHX,1578367980000,1578378600000,Airbus A321 (321)
429,AA630,American Airlines,ORD,PHX,1578350820000,1578361260000,Boeing 737-800 (738)
430,AA447,American Airlines,ORD,PHX,1578319500000,1578330540000,Airbus A321 (321)
431,UA725,United Airlines,ORD,PHX,1578330180000,1578340980000,Boeing 737-900 Passenger
432,UA373,United Airlines,ORD,PHX,1578342600000,1578353340000,Airbus A320 (320)
433,UA483,United Airlines,ORD,PHX,1578364620000,1578375600000,Boeing 737-900 Passenger
434,UA667,United Airlines,ORD,PHX,1578322800000,1578333660000,Airbus A320 (320)
435,AA1485,American Airlines,ORD,SEA,1578357600000,1578367440000,Boeing 737-800 (738)
436,UA1846,United Airlines,ORD,SEA,1578327900000,1578337920000,Boeing 737-800 (738)
437,AA1045,American Airlines,ORD,SEA,1578329700000,1578340080000,Boeing 737-800 (738)
438,AA1165,American Airlines,ORD,SEA,1578336780000,1578346680000,Boeing 737-800 (738)
439,UA2170,United Airlines,ORD,SEA,1578351600000,1578361380000,Boeing 737-800 (738)
440,DL3078,Delta Airlines,ORD,SEA,1578344400000,1578354300000,Airbus A319 (319)
441,UA635,United Airlines,ORD,SEA,1578331020000,1578341040000,Boeing 737-800 (738)
442,UA262,United Airlines,ORD,SEA,1578365220000,1578375300000,Boeing 737-900 Passenger
443,DL1544,Delta Airlines,ORD,SEA,1578362400000,1578372540000,Airbus A319 (319)
444,DL487,Delta Airlines,ORD,SEA,1578316080000,1578326100000,Airbus A319 (319)
445,AA317,American Airlines,ORD,DEN,1578336600000,1578342900000,Boeing 737-800 (738)
446,AA2470,American Airlines,ORD,DEN,1578329940000,1578336540000,Airbus A319 (319)
447,AA1387,American Airlines,ORD,DEN,1578368700000,1578374940000,Boeing 737-800 (738)
448,AA309,American Airlines,ORD,DEN,1578343500000,1578349800000,Airbus A320 (320)
449,UA2476,United Airlines,ORD,DEN,1578315600000,1578321900000,Boeing 737-800 (738)
450,UA403,United Airlines,ORD,DEN,1578318300000,1578324480000,Boeing 757-300 Passenger
451,UA775,United Airlines,ORD,DEN,1578339900000,1578346200000,Boeing 757-300 Passenger
452,UA692,United Airlines,ORD,DEN,1578358620000,1578364860000,Boeing 737-900 Passenger
453,UA269,United Airlines,ORD,DEN,1578365100000,1578371580000,Boeing 757-200 (752)
454,UA2220,United Airlines,ORD,DEN,1578345840000,1578352140000,Boeing 757-300 Passenger
455,UA501,United Airlines,ORD,DEN,1578331380000,1578338340000,Boeing 757-300 Passenger
456,UA407,United Airlines,ORD,DEN,1578351600000,1578357900000,Boeing 757-300 Passenger
457,UA675,United Airlines,ORD,DEN,1578323040000,1578330000000,Boeing 757-300 Passenger
458,AA1452,American Airlines,ORD,ATL,1578320100000,1578330900000,Airbus A319 (319)
459,AA3521,American Airlines,ORD,ATL,1578323460000,1578335100000,Embraer ERJ-175 (E75)
460,AA4154,American Airlines,ORD,ATL,1578349560000,1578360960000,Embraer ERJ-175 (E75)
461,DL1480,Delta Airlines,ORD,ATL,1578321060000,1578331920000,Boeing 717-200
462,DL2012,Delta Airlines,ORD,ATL,1578327600000,1578338580000,Boeing (Douglas) MD-88
463,DL2183,Delta Airlines,ORD,ATL,1578331680000,1578342480000,Boeing 717-200
464,DL812,Delta Airlines,ORD,ATL,1578341400000,1578352020000,Boeing (Douglas) MD-88
465,DL2890,Delta Airlines,ORD,ATL,1578348000000,1578358860000,Boeing 717-200
466,DL1612,Delta Airlines,ORD,ATL,1578354900000,1578365760000,Boeing (Douglas) MD-88
467,AA2385,American Airlines,ORD,ATL,1578355200000,1578365820000,Airbus A319 (319)
468,DL1906,Delta Airlines,ORD,ATL,1578359100000,1578370320000,Boeing (Douglas) MD-88
469,AA2366,American Airlines,ORD,ATL,1578362400000,1578373380000,Airbus A319 (319)
470,DL972,Delta Airlines,ORD,ATL,1578337440000,1578348420000,Boeing (Douglas) MD-90
471,DL475,Delta Airlines,ORD,ATL,1578323820000,1578334740000,Boeing 717-200
472,UA1027,United Airlines,ORD,ATL,1578370200000,1578380820000,Boeing 737-800 (738)
473,UA305,United Airlines,ORD,ATL,1578345360000,1578356700000,Airbus A320 (320)
474,DL805,Delta Airlines,ORD,ATL,1578365580000,1578376500000,Boeing 717-200
475,UA1155,United Airlines,ORD,ATL,1578315600000,1578326700000,Airbus A319 (319)
476,DL977,Delta Airlines,ORD,ATL,1578313800000,1578324540000,Airbus A321 (321)
477,UA3553,United Airlines,ORD,ATL,1578328320000,1578339780000,Embraer 170
478,UA4145,United Airlines,ORD,ATL,1578358500000,1578370140000,Embraer 175 (Enhanced Winglets)
479,UA4049,United Airlines,ORD,ATL,1578340500000,1578351840000,Embraer 175 (Enhanced Winglets)
480,AA2682,American Airlines,ORD,BOS,1578368100000,1578379800000,Boeing 737-800 (738)
481,AA2723,American Airlines,ORD,BOS,1578323940000,1578335760000,Boeing 737-800 (738)
482,AA2321,American Airlines,ORD,BOS,1578348600000,1578360360000,Boeing 737-800 (738)
483,AA1251,American Airlines,ORD,BOS,1578356040000,1578367560000,Boeing 737-800 (738)
484,AA1172,American Airlines,ORD,BOS,1578360600000,1578372720000,Boeing 737-800 (738)
485,UA342,United Airlines,ORD,BOS,1578315600000,1578327120000,Airbus A320 (320)
486,AA2384,American Airlines,ORD,BOS,1578319800000,1578331620000,Boeing 737-800 (738)
487,UA1420,United Airlines,ORD,BOS,1578327780000,1578339300000,Airbus A319 (319)
488,UA301,United Airlines,ORD,BOS,1578335100000,1578346920000,Boeing 757-200 (752)
489,UA790,United Airlines,ORD,BOS,1578359700000,1578372000000,Boeing 737-800 (738)
490,UA670,United Airlines,ORD,BOS,1578371160000,1578382800000,Boeing 737-900 Passenger
491,DL6139,Delta Airlines,ORD,BOS,1578336900000,1578349320000,Embraer ERJ-175 (E75)
492,UA578,United Airlines,ORD,BOS,1578344400000,1578356400000,Airbus A320 (320)
493,DL5904,Delta Airlines,ORD,BOS,1578325980000,1578338640000,Embraer ERJ-175 (E75)
494,DL5912,Delta Airlines,ORD,BOS,1578365700000,1578378180000,Embraer ERJ-175 (E75)
495,DL6142,Delta Airlines,ORD,BOS,1578347100000,1578359520000,Embraer 170
496,UA1572,United Airlines,ORD,BOS,1578321900000,1578333420000,Boeing 737-800 (738)
497,AA345,American Airlines,ORD,SFO,1578319440000,1578330000000,Boeing 737-800 (738)
498,AA2634,American Airlines,ORD,SFO,1578333300000,1578343920000,Boeing 737-800 (738)
499,AA2798,American Airlines,ORD,SFO,1578355260000,1578365760000,Boeing 737-800 (738)
500,UA2166,United Airlines,ORD,SFO,1578315600000,1578325380000,Boeing 737-800 (738)
501,UA761,United Airlines,ORD,SFO,1578324600000,1578334080000,Boeing 777-200 (777)
502,UA499,United Airlines,ORD,SFO,1578335100000,1578345720000,Boeing 737-900 Passenger
503,UA1790,United Airlines,ORD,SFO,1578340800000,1578351180000,Airbus A320 (320)
504,UA422,United Airlines,ORD,SFO,1578359460000,1578370200000,Boeing 737-900 Passenger
505,AA709,American Airlines,ORD,SFO,1578367200000,1578377580000,Boeing 737-800 (738)
506,UA1742,United Airlines,ORD,SFO,1578367980000,1578378720000,Boeing 757-300 Passenger
507,UA1891,United Airlines,ORD,SFO,1578330000000,1578339960000,Boeing 757-300 Passenger
508,UA248,United Airlines,ORD,SFO,1578351900000,1578362040000,Boeing 757-300 Passenger
509,AA2639,American Airlines,ORD,SFO,1578347100000,1578357420000,Boeing 737-800 (738)
510,UA2198,United Airlines,ORD,IAD,1578316500000,1578326400000,Airbus A320 (320)
511,UA843,United Airlines,ORD,IAD,1578359700000,1578370380000,Airbus A320 (320)
512,UA632,United Airlines,ORD,IAD,1578326400000,1578336600000,Airbus A319 (319)
513,UA2000,United Airlines,ORD,IAD,1578370500000,1578380340000,Boeing 737-900 Passenger
514,UA340,United Airlines,ORD,IAD,1578340800000,1578350820000,Airbus A320 (320)
515,AA1057,American Airlines,BOS,PHX,1578340380000,1578356040000,Airbus A321 (321)
516,AA2260,American Airlines,BOS,PHX,1578315600000,1578331680000,Airbus A321 (321)
517,AA2229,American Airlines,BOS,PHX,1578328500000,1578344400000,Boeing 737-800 (738)
518,AA403,American Airlines,BOS,PHX,1578352260000,1578368040000,Airbus A321 (321)
519,DL2991,Delta Airlines,BOS,SEA,1578318000000,1578331140000,Boeing 757-200 (752)
520,UA448,United Airlines,BOS,DEN,1578349020000,1578359400000,Boeing 737-900 Passenger
521,UA416,United Airlines,BOS,DEN,1578328440000,1578338520000,Boeing 737-800 (738)
522,UA652,United Airlines,BOS,DEN,1578336720000,1578346800000,Boeing 737-800 (738)
523,UA647,United Airlines,BOS,DEN,1578314700000,1578324780000,Boeing 737-900 Passenger
524,DL1501,Delta Airlines,BOS,ATL,1578319200000,1578330300000,Airbus A321 (321)
525,DL2552,Delta Airlines,BOS,ATL,1578314700000,1578326040000,Boeing 737-900 Passenger
526,DL123,Delta Airlines,BOS,ATL,1578351300000,1578362160000,Airbus A321 (321)
527,DL1880,Delta Airlines,BOS,ATL,1578327900000,1578338700000,Airbus A321 (321)
528,DL2570,Delta Airlines,BOS,ATL,1578366900000,1578377940000,Airbus A321 (321)
529,DL2648,Delta Airlines,BOS,ATL,1578322800000,1578333660000,Boeing 757-200 (752)
530,DL2749,Delta Airlines,BOS,ATL,1578338520000,1578349260000,Airbus A321 (321)
531,DL2643,Delta Airlines,BOS,ATL,1578361440000,1578372300000,Airbus A321 (321)
532,DL1077,Delta Airlines,BOS,ATL,1578344400000,1578355020000,Airbus A321 (321)
533,DL1500,Delta Airlines,BOS,ATL,1578356160000,1578367380000,Boeing 757-200 (752)
534,DL800,Delta Airlines,BOS,ATL,1578333600000,1578344220000,Airbus A321 (321)
535,AA2264,American Airlines,BOS,ORD,1578342600000,1578349980000,Airbus A321 (321)
536,AA1109,American Airlines,BOS,ORD,1578363240000,1578370920000,Boeing 737-800 (738)
537,AA1509,American Airlines,BOS,ORD,1578319200000,1578327000000,Boeing 737-800 (738)
538,AA1239,American Airlines,BOS,ORD,1578325800000,1578333420000,Boeing 737-800 (738)
539,AA2265,American Airlines,BOS,ORD,1578315600000,1578323100000,Boeing 737-800 (738)
540,UA1251,United Airlines,BOS,ORD,1578330000000,1578337200000,Airbus A320 (320)
541,AA1287,American Airlines,BOS,ORD,1578337620000,1578345120000,Boeing 737-800 (738)
542,UA1564,United Airlines,BOS,ORD,1578342000000,1578349080000,Airbus A319 (319)
543,UA599,United Airlines,BOS,ORD,1578354000000,1578361080000,Airbus A320 (320)
544,DL6139,Delta Airlines,BOS,ORD,1578327300000,1578334920000,Embraer ERJ-175 (E75)
545,UA439,United Airlines,BOS,ORD,1578360300000,1578367380000,Airbus A320 (320)
546,DL5904,Delta Airlines,BOS,ORD,1578316200000,1578324180000,Embraer ERJ-175 (E75)
547,UA449,United Airlines,BOS,ORD,1578319200000,1578326400000,Boeing 737-900 Passenger
548,DL5912,Delta Airlines,BOS,ORD,1578355800000,1578363600000,Embraer ERJ-175 (E75)
549,DL6133,Delta Airlines,BOS,ORD,1578365940000,1578373560000,Embraer ERJ-175 (E75)
550,DL6142,Delta Airlines,BOS,ORD,1578337800000,1578345300000,Embraer 170
551,UA789,United Airlines,BOS,ORD,1578365940000,1578373020000,Airbus A320 (320)
552,UA477,United Airlines,BOS,SFO,1578331800000,1578345840000,Boeing 757-200 (752)
553,UA351,United Airlines,BOS,SFO,1578350400000,1578364560000,Boeing 757-200 (752)
554,UA2400,United Airlines,BOS,SFO,1578358380000,1578372600000,Boeing 757-200 (752)
555,UA433,United Airlines,BOS,SFO,1578315600000,1578329400000,Boeing 757-200 (752)
556,DL2488,Delta Airlines,BOS,SFO,1578321600000,1578336420000,Boeing 757-200 (752)
557,UA207,United Airlines,BOS,SFO,1578323700000,1578337680000,Boeing 757-200 (752)
558,UA2136,United Airlines,BOS,IAD,1578364440000,1578370620000,Airbus A319 (319)
559,UA511,United Airlines,BOS,IAD,1578346500000,1578352740000,Boeing 737-900 Passenger
560,UA525,United Airlines,BOS,IAD,1578329100000,1578335100000,Boeing 737-900 Passenger
561,UA389,United Airlines,BOS,IAD,1578315300000,1578321300000,Boeing 737-900 Passenger
562,AA1880,American Airlines,SFO,PHX,1578336360000,1578347700000,Airbus A321 (321)
563,AA1868,American Airlines,SFO,PHX,1578325620000,1578336840000,Airbus A321 (321)
564,AA1037,American Airlines,SFO,PHX,1578352200000,1578362940000,Airbus A321 (321)
565,UA2405,United Airlines,SFO,PHX,1578362460000,1578373380000,Boeing 737-800 (738)
566,UA2411,United Airlines,SFO,PHX,1578367620000,1578378540000,Airbus A319 (319)
567,UA2388,United Airlines,SFO,PHX,1578332640000,1578343740000,Boeing 737-900 Passenger
568,UA2398,United Airlines,SFO,PHX,1578340320000,1578351420000,Boeing 737-800 (738)
569,AA6861,American Airlines,SFO,SEA,1578355800000,1578363900000,Boeing 737-900 (winglets) Passenger/BBJ3
570,AA6914,American Airlines,SFO,SEA,1578315600000,1578324000000,Boeing 737-800 (winglets) Passenger/BBJ2
571,AA6792,American Airlines,SFO,SEA,1578319200000,1578327600000,Boeing 737-900 (winglets) Passenger/BBJ3
572,AA7635,American Airlines,SFO,SEA,1578326700000,1578335760000,Embraer ERJ-175 (E75)
573,UA277,United Airlines,SFO,SEA,1578334920000,1578344100000,Airbus A320 (320)
574,DL2429,Delta Airlines,SFO,SEA,1578338760000,1578346680000,Airbus A319 (319)
575,UA759,United Airlines,SFO,SEA,1578340320000,1578348840000,Boeing 737-800 (738)
576,UA447,United Airlines,SFO,SEA,1578353040000,1578361320000,Airbus A320 (320)
577,AA6853,American Airlines,SFO,SEA,1578354900000,1578363000000,Boeing 737-900 (winglets) Passenger/BBJ3
578,DL2984,Delta Airlines,SFO,SEA,1578359340000,1578367380000,Airbus A319 (319)
579,UA2161,United Airlines,SFO,SEA,1578361980000,1578370260000,Airbus A320 (320)
580,DL1832,Delta Airlines,SFO,SEA,1578366240000,1578374520000,Boeing 737-800 (738)
581,UA351,United Airlines,SFO,SEA,1578376620000,1578384900000,Boeing 737-900 Passenger
582,DL2490,Delta Airlines,SFO,SEA,1578332220000,1578340680000,Airbus A220-100 Passenger
583,DL2002,Delta Airlines,SFO,SEA,1578354720000,1578362940000,Airbus A220-100 Passenger
584,DL2703,Delta Airlines,SFO,SEA,1578316800000,1578325200000,Airbus A220-100 Passenger
585,UA733,United Airlines,SFO,SEA,1578365160000,1578373440000,Boeing 737-900 Passenger
586,UA1549,United Airlines,SFO,SEA,1578317100000,1578325380000,Airbus A319 (319)
587,UA5866,United Airlines,SFO,SEA,1578325320000,1578334320000,Embraer 175 (Enhanced Winglets)
588,UA431,United Airlines,SFO,DEN,1578318000000,1578331260000,Boeing 737-900 Passenger
589,UA948,United Airlines,SFO,DEN,1578327180000,1578340200000,Boeing 737-900 Passenger
590,UA223,United Airlines,SFO,DEN,1578333600000,1578347100000,Boeing 757-300 Passenger
591,UA1013,United Airlines,SFO,DEN,1578340500000,1578353520000,Boeing 757-300 Passenger
592,UA2115,United Airlines,SFO,DEN,1578317100000,1578330360000,Boeing 757-300 Passenger
593,UA720,United Airlines,SFO,DEN,1578345780000,1578358800000,Boeing 757-300 Passenger
594,UA2242,United Airlines,SFO,DEN,1578351960000,1578364800000,Boeing 737-900 Passenger
595,UA2031,United Airlines,SFO,DEN,1578358800000,1578371640000,Boeing 737-900 Passenger
596,DL1210,Delta Airlines,SFO,ATL,1578315600000,1578342720000,Boeing 737-900 Passenger
597,DL505,Delta Airlines,SFO,ATL,1578327000000,1578354180000,Boeing 737-900 Passenger
598,DL1446,Delta Airlines,SFO,ATL,1578373200000,1578400140000,Boeing 737-900 Passenger
599,DL1865,Delta Airlines,SFO,ATL,1578320100000,1578347100000,Boeing 757-200 (752)
600,UA1554,United Airlines,SFO,ATL,1578375720000,1578403140000,Airbus A320 (320)
601,DL2049,Delta Airlines,SFO,ATL,1578336720000,1578364320000,Boeing 757-300 Passenger
602,DL3040,Delta Airlines,SFO,ATL,1578340500000,1578368160000,Boeing 737-900 Passenger
603,UA575,United Airlines,SFO,ATL,1578332520000,1578360300000,Airbus A319 (319)
604,DL2381,Delta Airlines,SFO,ATL,1578348540000,1578375660000,Boeing 737-900 Passenger
605,AA2614,American Airlines,SFO,ORD,1578321900000,1578344640000,Boeing 737-800 (738)
606,AA2691,American Airlines,SFO,ORD,1578326400000,1578349140000,Boeing 737-800 (738)
607,AA345,American Airlines,SFO,ORD,1578333660000,1578356760000,Boeing 737-800 (738)
608,AA1462,American Airlines,SFO,ORD,1578346680000,1578369480000,Boeing 737-800 (738)
609,UA616,United Airlines,SFO,ORD,1578318600000,1578341280000,Airbus A320 (320)
610,UA2440,United Airlines,SFO,ORD,1578332400000,1578355440000,Boeing 757-200 (752)
611,UA705,United Airlines,SFO,ORD,1578355740000,1578377880000,Boeing 737-900 Passenger
612,UA1800,United Airlines,SFO,ORD,1578359220000,1578381300000,Boeing 737-800 (738)
613,AA215,American Airlines,SFO,ORD,1578380280000,1578402660000,Boeing 737-800 (738)
614,UA780,United Airlines,SFO,ORD,1578344100000,1578367080000,Boeing 757-300 Passenger
615,UA390,United Airlines,SFO,ORD,1578350100000,1578372180000,Boeing 737-800 (738)
616,UA2457,United Airlines,SFO,ORD,1578377400000,1578399300000,Boeing 757-300 Passenger
617,UA639,United Airlines,SFO,ORD,1578324600000,1578347040000,Boeing 757-300 Passenger
618,UA1213,United Airlines,SFO,BOS,1578368400000,1578399180000,Boeing 757-200 (752)
619,UA768,United Airlines,SFO,BOS,1578323700000,1578354720000,Boeing 757-200 (752)
620,UA1865,United Airlines,SFO,BOS,1578333900000,1578365700000,Boeing 757-200 (752)
621,UA235,United Airlines,SFO,BOS,1578379800000,1578410580000,Boeing 757-200 (752)
622,DL2488,Delta Airlines,SFO,BOS,1578340200000,1578371040000,Boeing 757-200 (752)
623,UA242,United Airlines,SFO,BOS,1578343800000,1578374580000,Boeing 757-200 (752)
624,UA291,United Airlines,SFO,IAD,1578321000000,1578348960000,Boeing 777-200 (777)
625,UA2247,United Airlines,SFO,IAD,1578372000000,1578400560000,Airbus A320 (320)
626,UA517,United Airlines,SFO,IAD,1578354300000,1578382920000,Boeing 737-800 (738)
627,UA309,United Airlines,SFO,IAD,1578338100000,1578367140000,Airbus A320 (320)
628,UA727,United Airlines,SFO,IAD,1578340800000,1578369840000,Boeing 757-200 (752)
629,UA516,United Airlines,SFO,IAD,1578328200000,1578357360000,Boeing 757-200 (752)
630,UA1912,United Airlines,SFO,IAD,1578376800000,1578404820000,Boeing 787-8 (788)
631,UA2110,United Airlines,IAD,PHX,1578358200000,1578370020000,Boeing 737-900 Passenger
632,UA1964,United Airlines,IAD,SEA,1578324600000,1578335700000,Boeing 737-900 Passenger
633,DL2220,Delta Airlines,IAD,SEA,1578355200000,1578366540000,Airbus A319 (319)
634,UA326,United Airlines,IAD,SEA,1578357000000,1578367800000,Boeing 737-900 Passenger
635,UA542,United Airlines,IAD,DEN,1578351600000,1578358920000,Boeing 737-900 Passenger
636,UA1108,United Airlines,IAD,DEN,1578313500000,1578320460000,Boeing 737-900 Passenger
637,UA2305,United Airlines,IAD,DEN,1578364500000,1578371520000,Boeing 737-800 (738)
638,UA1908,United Airlines,IAD,DEN,1578340200000,1578347520000,Boeing 737-800 (738)
639,UA980,United Airlines,IAD,DEN,1578357000000,1578364800000,Boeing 737-900 Passenger
640,UA1889,United Airlines,IAD,DEN,1578323700000,1578330900000,Boeing 787-8 (788)
641,DL548,Delta Airlines,IAD,ATL,1578319200000,1578326580000,Boeing (Douglas) MD-88
642,DL2578,Delta Airlines,IAD,ATL,1578329640000,1578336420000,Boeing 717-200
643,DL1317,Delta Airlines,IAD,ATL,1578349080000,1578355800000,Boeing 717-200
644,DL1359,Delta Airlines,IAD,ATL,1578357900000,1578365520000,Boeing 717-200
645,UA6012,United Airlines,IAD,ATL,1578355500000,1578362640000,Bombardier CRJ-700 (CR7)
646,DL1520,Delta Airlines,IAD,ATL,1578315600000,1578322620000,Boeing 717-200
647,UA6201,United Airlines,IAD,ATL,1578339900000,1578347280000,Bombardier CRJ-700 (CR7)
648,DL1442,Delta Airlines,IAD,ATL,1578365160000,1578372300000,Boeing 717-200
649,UA2368,United Airlines,IAD,ATL,1578324300000,1578331680000,Airbus A319 (319)
650,DL340,Delta Airlines,IAD,ATL,1578338100000,1578345240000,Boeing (Douglas) MD-88
651,UA552,United Airlines,IAD,ORD,1578374100000,1578378120000,Airbus A320 (320)
652,UA1846,United Airlines,IAD,ORD,1578315600000,1578319500000,Boeing 737-700 Passenger
653,UA374,United Airlines,IAD,ORD,1578323700000,1578328260000,Boeing 737-900 Passenger
654,UA276,United Airlines,IAD,ORD,1578339900000,1578344100000,Airbus A319 (319)
655,UA1924,United Airlines,IAD,ORD,1578356400000,1578360900000,Airbus A320 (320)
656,UA721,United Airlines,IAD,ORD,1578331800000,1578336060000,Airbus A320 (320)
657,UA822,United Airlines,IAD,BOS,1578355860000,1578361740000,Airbus A319 (319)
658,UA641,United Airlines,IAD,BOS,1578324600000,1578330540000,Airbus A320 (320)
659,UA352,United Airlines,IAD,BOS,1578374100000,1578379740000,Boeing 737-900 Passenger
660,UA655,United Airlines,IAD,BOS,1578339900000,1578345540000,Boeing 737-900 Passenger
661,UA572,United Airlines,IAD,SFO,1578315600000,1578327240000,Boeing 737-900 Passenger
662,UA2008,United Airlines,IAD,SFO,1578339300000,1578350820000,Boeing 737-800 (738)
663,UA843,United Airlines,IAD,SFO,1578373500000,1578385260000,Airbus A320 (320)
664,UA560,United Airlines,IAD,SFO,1578351600000,1578363120000,Boeing 737-900 Passenger
665,UA424,United Airlines,IAD,SFO,1578323700000,1578335460000,Boeing 757-200 (752)
666,UA340,United Airlines,IAD,SFO,1578357000000,1578367740000,Boeing 777-200 (777)
667,UA1893,United Airlines,IAD,SFO,1578361500000,1578373200000,Boeing 757-200 (752)
